IMG_8589.jpg,8/pR4pk/1b2p3/2p3p1/N1p5/7P/Pr4P1/6K1
IMG_8590.jpg,8/pR4pk/1b2p3/2p3p1/N1p5/7P/Pr4P1/6K1
IMG_8591.jpg,8/pR4pk/1b2p3/2p3p1/N1p5/7P/Pr4P1/6K1
IMG_8592.jpg,8/pR4pk/1b2p3/2p3p1/N1p5/7P/Pr4P1/6K1
IMG_8593.jpg,8/pR4pk/1b2p3/2p3p1/N1p5/7P/Pr4P1/6K1
IMG_8594.jpg,8/pR4pk/1b2p3/2p3p1/N1p5/7P/Pr4P1/6K1
IMG_8595.jpg,8/pR4pk/1b2p3/2p3p1/N1p5/7P/Pr4P1/6K1
IMG_8596.jpg,8/pR4pk/1b2p3/2p3p1/N1p5/7P/Pr4P1/6K1
IMG_8597.jpg,8/pR4pk/1b2p3/2p3p1/N1p5/7P/Pr4P1/6K1
IMG_8598.jpg,8/pR4pk/1b2p3/2p3p1/N1p5/7P/Pr4P1/6K1
